 ,,,,,,,,,,,,,
,,,,,,Return to contents,,,,,,,
Method of delivery,,,,,,,,,,,,,
"Percentages are derived from the total excluding unknown; except for the proportion of unknowns, which are derived from the overall total.",,,,,,,,,,,,,
,,,,,,,,,,,,,
Table 3.a: Method of delivery by person conducting delivery,,,,,,,,,,,,,
"NHS Hospitals, England, 2024-25",,,,,,,,,,,,,
,,,,,,,,,,,,,
,,Person conducting delivery,,,,,,,,,,,
Method of delivery,Total deliveries,Unknown,Total excl.  unknown,Hospital Doctor,GP Other,Midwife,,,,,,,
Total,542235,168907,373328,187105,37756,148467,,,,,,,
Spontaneous,232574,73341,159233,9007,19713,130513,,,,,,,
Spontaneous vertex delivery,229939,72591,157348,8638,19570,129140,,,,,,,
Spontaneous other delivery,1369,287,1082,110,88,884,,,,,,,
Other Breech delivery,1266,463,803,259,55,489,,,,,,,
Instrumental,57426,18254,39172,32399,3792,2981,,,,,,,
Low forceps cephalic delivery,17741,6065,11676,9842,1051,783,,,,,,,
Other forceps delivery,17424,4972,12452,10328,1250,874,,,,,,,
Ventouse (Vacuum) delivery,22175,7189,14986,12198,1488,1300,,,,,,,
Breech Extraction delivery,86,28,58,31,3,24,,,,,,,
Caesarean,238052,74713,163339,139639,13306,10394,,,,,,,
Elective Caesarean delivery,105635,32975,72660,62723,5238,4699,,,,,,,
Other/Emergency Caesarean delivery,132417,41738,90679,76916,8068,5695,,,,,,,
Other,36,28,8,4,1,3,,,,,,,
Unknown,14147,2571,11576,6056,944,4576,, ,,,,,
Source: NHS England,,,,,,,,,,,,,
Values shaded in grey should be treated with caution. These delivery methods are likely to be conducted by a hospital doctor.,,,,,,,,,,,,,
,,,,,,,,,,,,,
,,Person conducting delivery,,,,,,,,,,,
Method of delivery,Total  deliveries,Unknown,Total excl.  unknown,Hospital Doctor,GP Other,Midwife,,,,,,,
Total,542235,0.3115014707645209,373328,0.5011812668752411,0.10113358762268032,0.3976851455020786,,,,,,,
Spontaneous,232574,0.3153447934850843,159233,0.056564908027858546,0.12379971488322145,0.81963537708892,,,,,,,
Spontaneous vertex delivery,229939,0.31569677175250827,157348,0.054897424816330684,0.12437399903398835,0.820728576149681,,,,,,,
Spontaneous other delivery,1369,0.20964207450693936,1082,0.10166358595194085,0.08133086876155268,0.8170055452865065,,,,,,,
Other Breech delivery,1266,0.3657187993680885,803,0.32254047322540474,0.0684931506849315,0.6089663760896638,,,,,,,
Instrumental,57426,0.3178699543760666,39172,0.8270958848156846,0.09680383947717758,0.07610027570713775,,,,,,,
Low forceps cephalic delivery,17741,0.3418634800744039,11676,0.842925659472422,0.09001370332305585,0.0670606372045221,,,,,,,
Other forceps delivery,17424,0.28535353535353536,12452,0.8294249919691615,0.10038548024413749,0.07018952778670093,,,,,,,
Ventouse (Vacuum) delivery,22175,0.32419391206313414,14986,0.8139596957160016,0.09929267316161751,0.08674763112238089,,,,,,,
Breech Extraction delivery,86,0.32558139534883723,58,0.5344827586206896,0.05172413793103448,0.41379310344827586,,,,,,,
Caesarean,238052,0.3138515954497337,163339,0.8549029931614618,0.08146247987314725,0.063634526965391,,,,,,,
Elective Caesarean delivery,105635,0.31215979552231743,72660,0.8632397467657583,0.07208918249380677,0.0646710707404349,,,,,,,
Other/Emergency Caesarean delivery,132417,0.3152012203871104,90679,0.8482228520385094,0.08897319114679253,0.062803956814698,,,,,,,
Other,36,0.7777777777777778,8,0.5,0.125,0.375,,,,,,,
Unknown,14147,0.1817346433872906,11576,0.5231513476157568,0.08154803040774015,0.3953006219765031,,,,,,,
Source: NHS England,,,,,,,,,,,,,
Values shaded in grey should be treated with caution. These delivery methods are likely to be conducted by a hospital doctor.,,,,,,,,,,,,,
,,,,,,,,,,,,,
Table 3.b: Method of delivery by anaesthetics used before or during delivery,,,,,,,,,,,,,
"NHS Hospitals, England, 2024-25",,,,,,,,,,,,,
,,,,,,,,,,,,,
,,Type of anaesthetic / analgesic used before or during delivery,,,,,,,,,,,
Method of delivery,Total deliveries,Unknown,Total excl.  unknown,General,Epidural or  Caudal,Spinal,General and Epidural,General and Spinal,Epidural and Spinal,Other,Not Applicable,,
Total,542235,155220,387015,9674,70678,100614,843,1101,12251,28386,163468,,
Spontaneous,232574,70369,162205,529,29269,1477,14,165,909,23562,106280,,
Spontaneous vertex delivery,229939,69654,160285,522,28963,1428,13,165,900,23309,104985,,
Spontaneous other delivery,1369,278,1091,0,204,4,1,0,7,168,707,,
Other Breech delivery,1266,437,829,7,102,45,0,0,2,85,588,,
Instrumental,57426,16701,40725,419,18300,4996,13,50,2366,2824,11757,,
Low forceps cephalic delivery,17741,5095,12646,48,6017,1943,0,14,826,432,3366,,
Other forceps delivery,17424,4793,12631,244,5957,2587,6,21,989,637,2190,,
Ventouse (Vacuum) delivery,22175,6785,15390,126,6312,458,7,15,551,1746,6175,,
Breech Extraction delivery,86,28,58,1,14,8,0,0,0,9,26,,
Caesarean,238052,66248,171804,8566,20648,91857,791,870,8706,1060,39306,,
Elective Caesarean delivery,105635,29892,75743,2666,494,49104,44,234,2556,80,20565,,
Other/Emergency Caesarean delivery,132417,36356,96061,5900,20154,42753,747,636,6150,980,18741,,
Other,36,29,7,1,1,0,0,0,0,4,1,,
Unknown,14147,1873,12274,159,2460,2284,25,16,270,936,6124,,
Source: NHS England,,,,,,,,,,,,,
Values shaded in grey should be treated with caution as these represent unlikely events i.e. general anaesthetic for non-caesarean deliveries and no anaesthetic for caesarean deliveries.,,,,,,,,,,,,,
,,,,,,,,,,,,,
,,Type of anaesthetic / analgesic used before or during delivery,,,,,,,,,,,
Method of delivery,Total  deliveries,Unknown,Total excl.  unknown,General,Epidural or  Caudal,Spinal,General and Epidural,General and Spinal,Epidural and Spinal,Other,Not Applicable,,
Total,542235,0.2862596475697806,387015,0.02499644716613051,0.18262341252923014,0.2599744195961397,0.002178210146893531,0.00284485097476842,0.03165510380734597,0.07334599434130461,0.42238156143818717,,
Spontaneous,232574,0.3025660649943674,162205,0.0032613051385592304,0.18044449924478284,0.009105761228075583,8.631053296754108e-05,0.0010172312814031627,0.00560401960482106,0.14526062698437162,0.6552202459850189,,
Spontaneous vertex delivery,229939,0.30292381892588904,160285,0.0032566990048975264,0.1806968836759522,0.00890913061109898,8.110553077331005e-05,0.0010294163521227812,0.00561499828430608,0.1454222166765449,0.6549895498643042,,
Spontaneous other delivery,1369,0.20306793279766253,1091,0,0.18698441796516957,0.0036663611365719525,0.0009165902841429881,0,0.006416131989000917,0.153987167736022,0.6480293308890925,,
Other Breech delivery,1266,0.3451816745655608,829,0.008443908323281062,0.12303980699638119,0.054282267792521106,0,0,0.0024125452352231603,0.10253317249698432,0.7092882991556092,,
Instrumental,57426,0.29082645491589176,40725,0.010288520564763658,0.44935543278084716,0.12267648864333947,0.0003192142418661756,0.0012277470841006752,0.05809699201964395,0.06934315531000614,0.28869244935543276,,
Low Forceps cephalic delivery ,17741,0.28718786990586775,12646,0.003795666613949075,0.47580262533607465,0.15364542147714694,0,0.0011070694290684802,0.06531709631504033,0.03416099952554167,0.2661711213031789,,
Other Forceps delivery,17424,0.2750803489439853,12631,0.019317552054469164,0.4716174491330853,0.20481355395455625,0.0004750217718312089,0.0016625762014092313,0.07829942205684427,0.05043147810941335,0.17338294671839127,,
Ventouse (vacuum) delivery,22175,0.30597519729425027,15390,0.008187134502923977,0.4101364522417154,0.029759584145549058,0.0004548408057179987,0.0009746588693957114,0.03580246913580247,0.11345029239766082,0.4012345679012346,,
Breech Extraction delivery,86,0.32558139534883723,58,0.017241379310344827,0.2413793103448276,0.13793103448275862,0,0,0,0.15517241379310345,0.4482758620689655,,
Caesarean,238052,0.27829213785223395,171804,0.04985914181276338,0.12018346487858257,0.5346615911154572,0.004604083723312612,0.005063910037018928,0.050674023887685965,0.006169821424413867,0.22878396312076552,,
Elective Caesarean delivery,105635,0.2829743929568798,75743,0.03519797208983008,0.006522054843351861,0.6482975324452425,0.0005809117674240524,0.00308939439948246,0.03374569267126995,0.0010562032134982771,0.27151023856990086,,
Other/Emergency Caesarean delivery,132417,0.2745568922419327,96061,0.06141930648233935,0.20980418692289274,0.44506095085414477,0.007776308803780931,0.006620793037757258,0.06402181946887915,0.010201850907236028,0.19509478352296977,,
Other methods of delivery,36,0.8055555555555556,7,0.14285714285714285,0.14285714285714285,0,0,0,0,0.5714285714285714,0.14285714285714285,,
Unknown,14147,0.1323955608963031,12274,0.012954212155776438,0.2004236597686166,0.1860844060615936,0.002036825810656673,0.0013035685188202706,0.021997718755092065,0.07625875835098582,0.49894085057845855,,
Source: NHS England,,,,,,,,,,,,,
Values shaded in grey should be treated with caution as these represent unlikely events i.e. general anaesthetic for non-caesarean deliveries and no anaesthetic for caesarean deliveries.,,,,,,,,,,,,,
,,,,,,,,,,,,,
Table 3.c: Method of delivery by ethnic group,,,,,,,,,,,,,
"NHS Hospitals, England, 2024-25",,,,,,,,,,,,,
,,,,,,,,,,,,,
,,Ethnicity,,,,,,,,,,,
Method of delivery,Total  deliveries,Unknown,Total excl.  unknown,Asian,Black,Chinese / Other,White,Mixed,Not Stated,,,,
Total,542235,8285,533950,92198,37380,23996,346637,15009,18730,,,,
Spontaneous,232574,3413,229161,35509,15569,9985,153747,6680,7671,,,,
Spontaneous vertex delivery,229939,3351,226588,35062,15405,9878,152064,6617,7562,,,,
Spontaneous other delivery,1369,30,1339,172,62,54,964,30,57,,,,
Other Breech delivery,1266,32,1234,275,102,53,719,33,52,,,,
Instrumental,57426,1070,56356,12284,2062,2820,35524,1403,2263,,,,
Low forceps cephalic delivery,17741,370,17371,3778,554,874,11127,416,622,,,,
Other forceps delivery,17424,259,17165,3390,573,700,11379,449,674,,,,
Ventouse (Vacuum) delivery,22175,436,21739,5106,927,1242,12964,536,964,,,,
Breech Extraction delivery,86,5,81,10,8,4,54,2,3,,,,
Caesarean,238052,3569,234483,42571,18876,10694,147385,6578,8379,,,,
Elective Caesarean delivery,105635,1334,104301,14929,6663,4634,71981,2656,3438,,,,
Other/Emergency Caesarean delivery,132417,2235,130182,27642,12213,6060,75404,3922,4941,,,,
Other,36,1,35,4,3,2,24,0,2,,,,
Unknown,14147,232,13915,1830,870,495,9957,348,415,,,,
Source: NHS England,,,,,,,,,,,,,
,,,,,,,,,,,,,
,,Ethnicity,,,,,,,,,,,
Method of delivery,Total deliveries,Unknown,Total excl.  unknown,Asian,Black,Chinese Other,White,Mixed,Not Stated,,,,
Total,542235,0.01527935304803268,533950,0.17267159846427568,0.07000655492087274,0.04494053750351156,0.6491937447326529,0.02810937353684802,0.03507819084183912,,,,
Spontaneous,232574,0.014674899171876478,229161,0.1549521951815536,0.06793913449496206,0.04357198650730273,0.6709125898385851,0.029149811704434873,0.03347428227316166,,,,
Spontaneous vertex delivery,229939,0.014573430344569647,226588,0.15473899765212631,0.06798683072360408,0.043594541635038044,0.6711035006266881,0.02920278214203753,0.03337334722050594,,,,
Spontaneous other delivery,1369,0.02191380569758948,1339,0.128454070201643,0.04630321135175504,0.040328603435399554,0.7199402539208365,0.022404779686333084,0.04256908140403286,,,,
Other Breech delivery,1266,0.02527646129541864,1234,0.22285251215559157,0.08265802269043761,0.04294975688816856,0.5826580226904376,0.02674230145867099,0.04213938411669368,,,,
Instrumental,57426,0.01863267509490475,56356,0.21797146710199447,0.03658882816381574,0.0500390375470225,0.630349918376038,0.024895308396621477,0.04015544041450777,,,,
Low forceps cephalic delivery,17741,0.02085564511583338,17371,0.2174889183121294,0.031892234183409134,0.05031374129295953,0.6405503425248978,0.02394795924241552,0.03580680444418859,,,,
Other forceps delivery,17424,0.01486455463728191,17165,0.19749490241771045,0.033381881736090885,0.040780658316341395,0.6629187299737839,0.02615787940576755,0.03926594815030585,,,,
Ventouse (Vacuum) delivery,22175,0.019661781285231116,21739,0.23487740926445558,0.04264225585353512,0.05713234279405677,0.5963475780854686,0.024656147936887623,0.0443442660655964,,,,
Breech Extraction delivery,86,0.05813953488372093,81,0.12345679012345678,0.09876543209876543,0.04938271604938271,0.6666666666666666,0.024691358024691357,0.037037037037037035,,,,
Caesarean,238052,0.014992522642111808,234483,0.18155260722525726,0.08050050536712683,0.045606717757790544,0.628553029430705,0.028053206415816923,0.03573393380330344,,,,
Elective Caesarean delivery,105635,0.012628390211577602,104301,0.14313381463264974,0.06388241723473409,0.04442910422718862,0.690127611432297,0.02546476064467263,0.03296229182845802,,,,
Other/Emergency Caesarean delivery,132417,0.016878497473889306,130182,0.21233350232751072,0.09381481310780292,0.04655021431534313,0.5792198614247746,0.03012705289517752,0.03795455592939116,,,,
Other,36,0.027777777777777776,35,0.11428571428571428,0.08571428571428572,0.05714285714285714,0.6857142857142857,0,0.05714285714285714,,,,
Unknown,14147,0.016399236587262316,13915,0.13151275601868487,0.06252245777937478,0.03557312252964427,0.7155587495508444,0.02500898311174991,0.02982393100970176,,,,
Source: NHS England,,,,,,,,,,,,,
,,,,,,,,,,,,,
Table 3.d: Method of delivery by duration of postnatal stay,,,,,,,,,,,,,
"NHS Hospitals, England, 2024-25",,,,,,,,,,,,,
,,,,,,,,,,,,,
,,Duration of postnatal stay,,,,,,,,,,,
Method of delivery,Total deliveries,Unknown,Total excl.  unknown,Same Day,1 Day,2 Days,3 Days,4 Days,5 Days,6 Days,7 Plus Days,,
Total,542235,106664,435571,60082,200257,88540,39213,17942,12594,6493,10450,,
Spontaneous,232574,41576,190998,50063,93376,25216,10798,4554,3154,1549,2288,,
Spontaneous vertex delivery,229939,41042,188897,49623,92440,24897,10635,4473,3101,1512,2216,,
Spontaneous other delivery,1369,223,1146,286,586,157,48,28,18,10,13,,
Other Breech delivery,1266,311,955,154,350,162,115,53,35,27,59,,
Instrumental,57426,11389,46037,3555,20410,11072,4997,2413,1800,811,979,,
Low forceps cephalic delivery,17741,3473,14268,920,5898,3741,1650,850,638,254,317,,
Other forceps delivery,17424,3655,13769,790,6095,3484,1581,714,552,268,285,,
Ventouse (Vacuum) delivery,22175,4238,17937,1840,8402,3837,1751,847,605,284,371,,
Breech Extraction delivery,86,23,63,5,15,10,15,2,5,5,6,,
Caesarean,238052,50487,187565,2619,82679,50714,22726,10643,7370,3972,6842,,
Elective Caesarean delivery,105635,23155,82480,873,46330,20286,7366,3073,1830,1042,1680,,
Other/Emergency Caesarean delivery,132417,27332,105085,1746,36349,30428,15360,7570,5540,2930,5162,,
Other,36,16,20,2,11,5,1,1,0,0,0,,
Unknown,14147,3196,10951,3843,3781,1533,691,331,270,161,341,,
Source: NHS England,,,,,,,,,,,,,
,,,,,,,,,,,,,
,,Duration of postnatal stay,,,,,,,,,,,
Method of delivery,Total  deliveries,Unknown,Total excl.  unknown,Same Day,1 Day,2 Days,3 Days,4 Days,5 Days,6 Days,7 Plus Days,,
Total,542235,0.1967117578171826,435571,0.13793847616117694,0.4597574218669287,0.20327340433591767,0.09002665466709216,0.04119190671555269,0.028913770659662833,0.014906869373764552,0.023991496219904446,,
Spontaneous,232574,0.1787646082537171,190998,0.2621126922795003,0.4888847003633546,0.1320223248410978,0.056534623399197896,0.023843181603995855,0.016513261918972972,0.008110032565786029,0.011979183028094535,,
Spontaneous vertex delivery,229939,0.1784908171297605,188897,0.2626987194079313,0.48936722128990934,0.13180198732642656,0.05630052356575276,0.023679571406639597,0.01641635388598019,0.008004362165624652,0.011731260951735602,,
Spontaneous other delivery,1369,0.16289262235208182,1146,0.24956369982547993,0.5113438045375218,0.13699825479930192,0.041884816753926704,0.02443280977312391,0.015706806282722512,0.008726003490401396,0.011343804537521814,,
Other Breech delivery,1266,0.2456556082148499,955,0.1612565445026178,0.36649214659685864,0.16963350785340314,0.12041884816753927,0.05549738219895288,0.03664921465968586,0.028272251308900525,0.061780104712041886,,
Instrumental,57426,0.19832480061296276,46037,0.0772204965571171,0.44333905337011537,0.2405022047483546,0.10854312835328106,0.052414362360709864,0.0390989855985403,0.017616265178008992,0.021265503833872754,,
Low forceps cephalic delivery,17741,0.1957612310467279,14268,0.06447995514437903,0.4133725820016821,0.2621951219512195,0.11564339781328847,0.05957387160078497,0.044715447154471545,0.017802074572469864,0.022217549761704515,,
Other forceps delivery,17424,0.20976813590449955,13769,0.05737526327256881,0.44266105018519863,0.25303217372358194,0.11482315346067253,0.05185561769191662,0.04009005737526327,0.019464013363352458,0.020698670927445713,,
Ventouse (Vacuum) delivery,22175,0.19111612175873732,17937,0.1025812566203936,0.46841723811116687,0.21391537046328818,0.09761944583821151,0.04722082845514858,0.03372916318224898,0.01583319395662597,0.02068350337291632,,
Breech Extraction delivery,86,0.26744186046511625,63,0.07936507936507936,0.23809523809523808,0.15873015873015872,0.23809523809523808,0.031746031746031744,0.07936507936507936,0.07936507936507936,0.09523809523809523,,
Caesarean,238052,0.2120839144388621,187565,0.013963159438061472,0.44080185535680966,0.27038093460933543,0.1211633300455842,0.05674299576146936,0.039293045077706396,0.021176658758297124,0.03647802095273638,,
Elective Caesarean delivery,105635,0.21919818242059924,82480,0.010584384093113483,0.5617119301648884,0.2459505334626576,0.08930649854510184,0.037257516973811834,0.022187196896217266,0.012633365664403491,0.020368574199806012,,
Other/Emergency Caesarean delivery,132417,0.2064085427097729,105085,0.01661512109244897,0.34590093733644195,0.2895560736546605,0.14616738830470571,0.07203692249131656,0.052719227292192035,0.027882190607603368,0.04912213922063092,,
Other,36,0.4444444444444444,20,0.1,0.55,0.25,0.05,0.05,0,0,0,,
Unknown,14147,0.22591362126245848,10951,0.3509268559948863,0.3452652725778468,0.1399872157793809,0.06309926034152132,0.03022555017806593,0.024655282622591545,0.014701853711989772,0.031138708793717468,,
Source: NHS England,,,,,,,,,,,,,
,,,,,,,,,,,,,
Table 3.e: Method of delivery by duration of delivery episode,,,,,,,,,,,,,
"NHS Hospitals, England, 2024-25",,,,,,,,,,,,,
,,,,,,,,,,,,,
,,Delivery episode duration ,,,,,,,,,,,
Method of delivery,Total deliveries,Unknown,Total excl.  unknown,Same Day,1 Day,2 Days,3 Days,4 Days,5 Days,6 Days,7 Plus Days,,
Total,542235,0,542235,35675,171865,128104,78850,47737,29556,18478,31970,,
Spontaneous,232574,0,232574,28992,87057,53917,27940,15079,8210,4619,6760,,
Spontaneous vertex delivery,229939,0,229939,28764,86210,53340,27605,14856,8066,4524,6574,,
Spontaneous other delivery,1369,0,1369,132,514,345,164,94,55,33,32,,
Other Breech delivery,1266,0,1266,96,333,232,171,129,89,62,154,,
Instrumental,57426,0,57426,1097,10934,16096,11524,7032,4340,2746,3657,,
Low forceps cephalic delivery,17741,0,17741,239,2868,4899,3763,2287,1491,919,1275,,
Other forceps delivery,17424,0,17424,186,2775,4992,3700,2374,1324,912,1161,,
Ventouse (Vacuum) delivery,22175,0,22175,669,5279,6187,4047,2360,1517,908,1208,,
Breech Extraction delivery,86,0,86,3,12,18,14,11,8,7,13,,
Caesarean,238052,0,238052,2087,69814,55478,37831,24773,16447,10778,20844,,
Elective Caesarean delivery,105635,0,105635,1116,54574,25735,10295,4967,3051,1814,4083,,
Other/Emergency Caesarean delivery,132417,0,132417,971,15240,29743,27536,19806,13396,8964,16761,,
Other,36,0,36,5,13,9,4,1,3,1,0,,
Unknown,14147,0,14147,3494,4047,2604,1551,852,556,334,709,,
Source: NHS England,,,,,,,,,,,,,
,,,,,,,,,,,,,
,,Delivery episode duration ,,,,,,,,,,,
Method of delivery,Total  deliveries,Unknown,Total excl.  unknown,Same Day,1 Day,2 Days,3 Days,4 Days,5 Days,6 Days,7 Plus Days,,
Total,542235,0,542235,0.06579250693887337,0.3169566700784715,0.23625180963973186,0.14541665514029894,0.08803747452672735,0.054507731887465764,0.03407747563325864,0.05895967615517257,,
Spontaneous,232574,0,232574,0.12465709838589008,0.37431957140523014,0.23182728937886435,0.12013380687437117,0.06483527823402443,0.03530059249959153,0.019860345524435233,0.029066017697593025,,
Spontaneous vertex delivery,229939,0,229939,0.12509404668194607,0.37492552372585775,0.23197456716781406,0.12005357942758732,0.0646084396296409,0.03507886874344935,0.019674783312095816,0.02859019131160873,,
Spontaneous other delivery,1369,0,1369,0.09642074506939372,0.3754565376186998,0.252008765522279,0.1197954711468225,0.06866325785244703,0.04017531044558072,0.02410518626734843,0.02337472607742878,,
Other Breech delivery,1266,0,1266,0.07582938388625593,0.26303317535545023,0.18325434439178515,0.13507109004739337,0.1018957345971564,0.0703001579778831,0.04897314375987362,0.12164296998420221,,
Instrumental,57426,0,57426,0.019102845401037856,0.19040156026886776,0.2802911573155017,0.2006756521436283,0.12245324417511232,0.07557552328213701,0.04781806150524153,0.06368195590847352,,
Low forceps cephalic delivery,17741,0,17741,0.01347161941265994,0.16165943295191929,0.2761400146553182,0.2121075474888676,0.12891043345921877,0.08404261315596641,0.05180091313905642,0.07186742573699341,,
Other forceps delivery,17424,0,17424,0.010674931129476584,0.15926308539944903,0.2865013774104683,0.2123507805325987,0.13624885215794308,0.07598714416896235,0.05234159779614325,0.06663223140495868,,
Ventouse (Vacuum) delivery,22175,0,22175,0.03016910935738444,0.2380608793686584,0.2790078917700113,0.18250281848928973,0.10642615558060879,0.06841037204058624,0.04094701240135287,0.05447576099210823,,
Breech Extraction delivery,86,0,86,0.03488372093023256,0.13953488372093023,0.20930232558139536,0.16279069767441862,0.12790697674418605,0.09302325581395349,0.08139534883720931,0.1511627906976744,,
Caesarean,238052,0,238052,0.008766992085762775,0.2932720582057702,0.23304992186581083,0.15891905970124173,0.10406549829449029,0.06908994673432696,0.045275822089291415,0.08756070102330583,,
Elective Caesarean delivery,105635,0,105635,0.010564680266956974,0.5166280115492025,0.243621905618403,0.0974582288067402,0.04702040043546173,0.028882472665309793,0.01717233871349458,0.038651961944431296,,
Other/Emergency Caesarean delivery,132417,0,132417,0.00733289532310806,0.11509096264074854,0.22461617466035327,0.20794913039866483,0.14957294003035865,0.1011652582372354,0.06769523550601508,0.12657740320351615,,
Other,36,0,36,0.1388888888888889,0.3611111111111111,0.25,0.1111111111111111,0.027777777777777776,0.08333333333333333,0.027777777777777776,0,,
Unknown,14147,0,14147,0.24697815791333852,0.28606771753728705,0.18406729341909944,0.10963455149501661,0.060224782639428855,0.03930161871774935,0.023609245776489714,0.050116632501590444,,
Source: NHS England,,,,,,,,,,,,,
,,,,,,,,,,,,,
Table 3.f: Method of delivery by birth weight,,,,,,,,,,,,,
"NHS Hospitals, England, 2024-25",,,,,,,,,,,,,
,,,,,,,,,,,,,
,,Birth weight ,,,,,,,,,,,
Method of delivery,Total deliveries,Unknown,Total excl.  unknown,999g and under,1000g to 1499g,1500g to 1999g,2000g to 2499g,2500g to 2999g,3000g to 3499g,3500g to 3999g,4000g to 4499g,4500g to 4999g,5000g and over
Total,542235,87705,454530,2689,2629,5637,21471,82179,171501,129071,34868,4131,354
Spontaneous,232574,36536,196038,1222,578,1286,7687,36794,77891,55929,13401,1187,63
Spontaneous vertex delivery,229939,36079,193860,898,511,1214,7513,36422,77281,55499,13284,1175,63
Spontaneous other delivery,1369,155,1214,5,5,5,46,195,467,373,106,12,0
Other Breech delivery,1266,302,964,319,62,67,128,177,143,57,11,0,0
Instrumental,57426,9328,48098,28,40,195,1736,9109,20084,13713,2955,223,15
Low forceps cephalic delivery,17741,2598,15143,11,22,78,509,2697,6279,4473,995,73,6
Other forceps delivery,17424,3185,14239,4,9,59,398,2212,5904,4477,1088,85,3
Ventouse (Vacuum) delivery,22175,3527,18648,2,1,54,814,4184,7891,4759,872,65,6
Breech Extraction delivery,86,18,68,11,8,4,15,16,10,4,0,0,0
Caesarean,238052,40452,197600,940,1876,3950,11508,34094,68855,55889,17600,2620,268
Elective Caesarean delivery,105635,18054,87581,81,247,866,3720,13763,31894,26746,8702,1395,167
Other/Emergency Caesarean delivery,132417,22398,110019,859,1629,3084,7788,20331,36961,29143,8898,1225,101
Other,36,19,17,0,1,0,0,1,5,6,4,0,0
Unknown,14147,1370,12777,499,134,206,540,2181,4666,3534,908,101,8
Source: NHS England,,,,,,,,,,,,,
,,,,,,,,,,,,,
,,Birth weight ,,,,,,,,,,,
Method of delivery,Total  deliveries,Unknown,Total excl.  unknown,999g and under,1000g to 1499g,1500g to 1999g,2000g to 2499g,2500g to 2999g,3000g to 3499g,3500g to 3999g,4000g to 4499g,4500g to 4999g,5000g and over
Total,542235,0.1617472129242856,454530,0.005916001144038898,0.0057839966558863,0.012401821661936506,0.047237806085406904,0.18079994719820475,0.37731502871097616,0.2839658548390645,0.07671220821507932,0.009088509009306316,0.0007788264801003234
Spontaneous,232574,0.1570940861833223,196038,0.006233485344678073,0.002948407961721707,0.006559952662238954,0.03921178547016395,0.18768810128648528,0.3973260286271029,0.28529672818535184,0.06835919566614636,0.006054948530386966,0.0003213662657239923
Spontaneous vertex delivery,229939,0.15690683181191534,193860,0.004632208810481791,0.0026359228309089035,0.006262251109047766,0.0387547714845765,0.18787784999484164,0.3986433508717631,0.2862839162282059,0.06852367688022284,0.006061075002579181,0.00032497678737233057
Spontaneous other delivery,1369,0.11322132943754565,1214,0.004118616144975288,0.004118616144975288,0.004118616144975288,0.03789126853377265,0.16062602965403625,0.3846787479406919,0.30724876441515653,0.08731466227347612,0.009884678747940691,0
Other Breech delivery,1266,0.23854660347551343,964,0.3309128630705394,0.06431535269709543,0.06950207468879668,0.13278008298755187,0.18360995850622408,0.1483402489626556,0.05912863070539419,0.011410788381742738,0,0
Instrumental,57426,0.16243513391146866,48098,0.0005821447877250613,0.0008316354110358019,0.004054222628799535,0.0360929768389538,0.18938417397812798,0.41756413988107616,0.2851054097883488,0.061437065990269865,0.004636367416524596,0.0003118632791384257
Low forceps cephalic delivery,17741,0.14644044867820302,15143,0.0007264082414316847,0.0014528164828633693,0.0051508948028792184,0.03361289044442977,0.1781020933764776,0.4146470316317771,0.29538400581126595,0.06570692729313875,0.004820709238592089,0.0003962226771445552
Other forceps delivery,17424,0.18279384756657485,14239,0.00028091860383453897,0.0006320668586277126,0.004143549406559449,0.027951401081536625,0.15534798792050003,0.41463585925977947,0.31441814734180773,0.07640986024299459,0.005969520331483952,0.0002106889528759042
Ventouse (Vacuum) delivery,22175,0.15905298759864714,18648,0.00010725010725010725,5.3625053625053626e-05,0.0028957528957528956,0.04365079365079365,0.22436722436722437,0.4231552981552982,0.2552016302016302,0.04676104676104676,0.0034856284856284855,0.00032175032175032174
Breech Extraction delivery,86,0.20930232558139536,68,0.16176470588235295,0.11764705882352941,0.058823529411764705,0.22058823529411764,0.23529411764705882,0.14705882352941177,0.058823529411764705,0,0,0
Caesarean,238052,0.16992925915346227,197600,0.004757085020242915,0.009493927125506074,0.019989878542510123,0.05823886639676113,0.1725404858299595,0.34845647773279353,0.2828390688259109,0.08906882591093117,0.01325910931174089,0.0013562753036437246
Elective Caesarean delivery,105635,0.17090926302835235,87581,0.0009248581313298546,0.002820246400474989,0.009887989404094496,0.042474966031445176,0.1571459563147258,0.3641657437115356,0.3053858713647937,0.09935945010904192,0.01592811226179194,0.0019068062707664904
Other/Emergency Caesarean delivery,132417,0.16914746595980878,110019,0.007807742299057435,0.014806533416955254,0.028031521828047884,0.07078777302102364,0.18479535352984486,0.3359510629982094,0.26489060980376117,0.08087693943773348,0.011134440414837438,0.000918023250529454
Other,36,0.5277777777777778,17,0,0.058823529411764705,0,0,0.058823529411764705,0.29411764705882354,0.35294117647058826,0.23529411764705882,0,0
Unknown,14147,0.09684031950236799,12777,0.03905455114659153,0.010487594897080692,0.016122720513422555,0.042263442122563985,0.1706973467950223,0.3651874461923769,0.27659074900211317,0.07106519527275573,0.00790482898959067,0.0006261250684824294
Source: NHS England,,,,,,,,,,,,,
,,,,,,,,,,,,,
Table 3.g: Method of delivery by level of deprivation,,,,,,,,,,,,,
"NHS Hospitals, England, 2024-25",,,,,,,,,,,,,
,,,,,,,,,,,,,
,,IMD rank,,,,,,,,,,,
Method of delivery,Total deliveries,Unknown,Total excl. unknown,1 - Most Deprived,2,3,4,5,6,7,8,9,10 - Least Deprived
Total,542235,33397,508838,70161,62711,58504,53386,49766,47860,44973,43169,41127,37181
Spontaneous,232574,11457,221117,32898,28136,25623,22770,20920,20462,18989,18150,17512,15657
Spontaneous vertex delivery,229939,11282,218657,32486,27761,25334,22532,20705,20227,18791,17964,17343,15514
Spontaneous other delivery,1369,87,1282,207,179,138,121,99,135,111,109,98,85
Other Breech delivery,1266,88,1178,205,196,151,117,116,100,87,77,71,58
Instrumental,57426,3744,53682,6626,6319,6111,5838,5341,5268,4912,4639,4479,4149
Low forceps cephalic delivery,17741,1193,16548,1859,1783,1872,1788,1695,1676,1508,1462,1506,1399
Other forceps delivery,17424,1216,16208,2179,1894,1697,1722,1543,1630,1497,1426,1353,1267
Ventouse (Vacuum) delivery,22175,1325,20850,2574,2629,2534,2325,2096,1956,1902,1741,1613,1480
Breech Extraction delivery,86,10,76,14,13,8,3,7,6,5,10,7,3
Caesarean,238052,17397,220655,29127,26702,25296,23255,22052,20820,19770,19218,18036,16379
Elective Caesarean delivery,105635,7822,97813,11587,10567,10225,9745,9765,9563,9403,9411,9059,8488
Other/Emergency Caesarean delivery,132417,9575,122842,17540,16135,15071,13510,12287,11257,10367,9807,8977,7891
Other,36,1,35,1,7,0,3,6,4,2,4,7,1
Unknown,14147,798,13349,1509,1547,1474,1520,1447,1306,1300,1158,1093,995
Source: NHS England,,,,,,,,,,,,,
,,,,,,,,,,,,,
,,IMD rank,,,,,,,,,,,
Method of delivery,Total  deliveries,Unknown,Total excl. unknown,1 - Most Deprived,2,3,4,5,6,7,8,9,10 - Least Deprived
Total,542235,0.06159137643272751,508838,0.13788474917360732,0.1232435470621298,0.11497568970870886,0.10491747864742806,0.09780323010466986,0.09405744067856567,0.08838372920261459,0.0848383965034058,0.08082533144144109,0.07307040747742896
Spontaneous,232574,0.04926174034930818,221117,0.14878096211507935,0.12724485227277865,0.11587982832618025,0.10297715688979138,0.0946105455482844,0.09253924392968428,0.08587761230479792,0.08208324099910908,0.07919789070944341,0.07080866690485128
Spontaneous vertex delivery,229939,0.04906518685390473,218657,0.14857059229752534,0.12696140530602726,0.11586182925769584,0.10304723836876935,0.09469168606539008,0.09250561381524489,0.08593825031899276,0.08215607092386706,0.0793160063478416,0.07095130729864582
Spontaneous other delivery,1369,0.0635500365230095,1282,0.16146645865834633,0.13962558502340094,0.10764430577223089,0.09438377535101404,0.07722308892355695,0.10530421216848673,0.08658346333853355,0.08502340093603744,0.07644305772230889,0.06630265210608424
Other Breech delivery,1266,0.06951026856240126,1178,0.17402376910016978,0.166383701188455,0.12818336162988114,0.09932088285229201,0.09847198641765705,0.08488964346349745,0.07385398981324279,0.06536502546689305,0.06027164685908319,0.04923599320882852
Instrumental,57426,0.06519694911712465,53682,0.12343057263142208,0.1177117096978503,0.11383704034872025,0.10875153682798704,0.09949331246972914,0.09813345255392869,0.09150180693714839,0.08641630341641518,0.08343578853246898,0.07728847658432994
Low forceps cephalic delivery,17741,0.06724536384645736,16548,0.11233985980178873,0.10774715977761663,0.11312545322697606,0.10804931109499638,0.10242929659173314,0.10128112158569011,0.09112883732173073,0.08834904520183708,0.09100797679477883,0.0845419386028523
Other forceps delivery,17424,0.06978879706152434,16208,0.13443978282329713,0.1168558736426456,0.10470138203356368,0.10624383020730503,0.09519990128331689,0.10056762092793682,0.09236179664363277,0.0879812438302073,0.08347729516288253,0.07817127344521224
Ventouse (Vacuum) delivery,22175,0.05975197294250282,20850,0.12345323741007194,0.12609112709832135,0.1215347721822542,0.11151079136690648,0.10052757793764988,0.09381294964028777,0.09122302158273381,0.08350119904076739,0.0773621103117506,0.07098321342925659
Breech Extraction delivery,86,0.11627906976744186,76,0.18421052631578946,0.17105263157894737,0.10526315789473684,0.039473684210526314,0.09210526315789473,0.07894736842105263,0.06578947368421052,0.13157894736842105,0.09210526315789473,0.039473684210526314
Caesarean,238052,0.07308067144993531,220655,0.1320024472592962,0.12101244023475562,0.11464050214135188,0.10539076839409939,0.09993881851759534,0.09435544175296277,0.08959688201037819,0.08709523917427658,0.08173846049262423,0.07422900002265981
Elective Caesarean delivery,105635,0.07404742746248875,97813,0.11846073630294542,0.1080326745933567,0.10453620684367108,0.09962888368621758,0.0998333554844448,0.09776819032234979,0.09613241593653195,0.09621420465582285,0.0926155010070236,0.08677783116763621
Other/Emergency Caesarean delivery,132417,0.07230944667225507,122842,0.14278504094690742,0.1313475847023005,0.12268605200175836,0.10997867178977874,0.10002279350710669,0.09163803910714577,0.08439296006251934,0.07983425864118135,0.07307761189169829,0.06423698734960355
Other,36,0.027777777777777776,35,0.02857142857142857,0.2,0,0.08571428571428572,0.17142857142857143,0.11428571428571428,0.05714285714285714,0.11428571428571428,0.2,0.02857142857142857
Unknown,14147,0.056407718951014346,13349,0.11304217544385348,0.11588883062401678,0.11042025619896621,0.11386620720653233,0.10839763278148176,0.09783504382350738,0.09738557195295527,0.08674807101655554,0.08187879241890779,0.07453741853322346
Source: NHS England,,,,,,,,,,,,,
,,,,,,,,,,,,,
Table 3.h: Method of delivery by length of gestation,,,,,,,,,,,,,
"NHS Hospitals, England, 2024-25",,,,,,,,,,,,,
,,,,,,,,,,,,,
,,Gestation length (weeks),,,,,,,,,,,
Method of delivery,Total deliveries,Unknown,Total excl. unknown,31 & under, 32 to 36,37,38,39,40,41,42 & over,,
Total,542235,132650,409585,18612,24204,36144,65948,132320,85556,42372,4429,,
Spontaneous,232574,55393,177181,7643,7576,14154,28354,52102,46171,19722,1459,,
Spontaneous vertex delivery,229939,54752,175187,7234,7367,13960,28105,51670,45830,19567,1454,,
Spontaneous other delivery,1369,264,1105,39,31,92,183,349,279,130,2,,
Other Breech delivery,1266,377,889,370,178,102,66,83,62,25,3,,
Instrumental,57426,14151,43275,1584,1547,2621,5697,11814,12355,6933,724,,
Low forceps cephalic delivery,17741,4310,13431,537,509,780,1712,3637,3882,2168,206,,
Other forceps delivery,17424,4376,13048,475,445,686,1637,3599,3672,2250,284,,
Ventouse (Vacuum) delivery,22175,5443,16732,552,573,1148,2341,4573,4800,2511,234,,
Breech Extraction delivery,86,22,64,20,20,7,7,5,1,4,0,,
Caesarean,238052,61069,176983,8752,14358,18361,30039,64835,24215,14331,2092,,
Elective Caesarean delivery,105635,27203,78432,2814,4018,8532,14519,42237,4650,1465,197,,
Other/Emergency Caesarean delivery,132417,33866,98551,5938,10340,9829,15520,22598,19565,12866,1895,,
Other,36,15,21,1,0,0,3,6,5,5,1,,
Unknown,14147,2022,12125,632,723,1008,1855,3563,2810,1381,153,,
Source: NHS England,,,,,,,,,,,,,
,,,,,,,,,,,,,
"Values in this table should be used with caution. Values for deliveries with a recorded gestation length of '31 weeks and under' are likely to be higher than the true figures, due to data quality issues affecting this data field for a small number of trusts. Values for deliveries reported in other gestation length categories may accordingly be lower than the true figures.",,,,,,,,,,,,,
,,,,,,,,,,,,,
,,Gestation length (weeks),,,,,,,,,,,
Method of delivery,Total  deliveries,Unknown,Total excl. unknown,31 & under, 32 to 36,37,38,39,40,41,42 & over,,
Total,542235,0.2446356284636735,409585,0.045441117228414124,0.059093960960484394,0.08824541914376748,0.16101175580160407,0.3230587057631505,0.2088846027076187,0.10345105411575131,0.010813384279209444,,
Spontaneous,232574,0.23817365655662284,177181,0.043136679440797826,0.04275853505737071,0.07988441198548377,0.16002844548794734,0.29406087560178573,0.26058663174945396,0.11130990343208358,0.008234517245077068,,
Spontaneous vertex delivery,229939,0.23811532623869808,175187,0.04129301831756923,0.04205220707015932,0.07968627809141089,0.16042857061311627,0.2949419762881949,0.2616061694075474,0.11169207760849835,0.008299702603503685,,
Spontaneous other delivery,1369,0.19284149013878743,1105,0.03529411764705882,0.028054298642533938,0.0832579185520362,0.16561085972850678,0.3158371040723982,0.2524886877828054,0.11764705882352941,0.0018099547511312218,,
Other Breech delivery,1266,0.29778830963665087,889,0.4161979752530934,0.20022497187851518,0.11473565804274466,0.07424071991001124,0.09336332958380203,0.06974128233970754,0.0281214848143982,0.003374578177727784,,
Instrumental,57426,0.24642148155887578,43275,0.03660311958405546,0.035748122472559214,0.060566146735990756,0.1316464471403813,0.272998266897747,0.28549971114962447,0.16020797227036396,0.016730213749277873,,
Low forceps cephalic delivery,17741,0.2429400822952483,13431,0.0399821308912218,0.03789740153376517,0.058074603529148984,0.1274663092844911,0.27079145260963444,0.28903283448737993,0.1614176159630705,0.015337651701288065,,
Other forceps delivery,17424,0.25114784205693297,13048,0.03640404659717964,0.03410484365419988,0.05257510729613734,0.12545984058859597,0.27582771305947273,0.2814224402207235,0.17244022072348253,0.021765787860208462,,
Ventouse (Vacuum) delivery,22175,0.245456595264938,16732,0.032990676547932106,0.03424575663399474,0.06861104470475735,0.13991154673679176,0.27330863016973467,0.28687544824288785,0.15007171886206072,0.013985178101840785,,
Breech Extraction delivery,86,0.2558139534883721,64,0.3125,0.3125,0.109375,0.109375,0.078125,0.015625,0.0625,0,,
Caesarean,238052,0.2565363870078806,176983,0.04945107722210608,0.08112643587237192,0.10374442743088319,0.16972816598204346,0.3663346197092376,0.13682105060938057,0.08097387884712091,0.011820344326856252,,
Elective Caesarean delivery,105635,0.25751881478676575,78432,0.035878212974296206,0.05122909016727866,0.10878212974296206,0.1851157690738474,0.5385174418604651,0.05928702570379437,0.01867860057119543,0.002511729906160751,,
Other/Emergency Caesarean delivery,132417,0.2557526601569285,98551,0.06025306693996002,0.10492029507564611,0.099735162504693,0.1574819129181845,0.22930259459569158,0.19852665117553348,0.13055169404673722,0.019228622743554098,,
Other,36,0.4166666666666667,21,0.047619047619047616,0,0,0.14285714285714285,0.2857142857142857,0.23809523809523808,0.23809523809523808,0.047619047619047616,,
Unknown,14147,0.14292782922174313,12125,0.052123711340206186,0.05962886597938144,0.0831340206185567,0.15298969072164947,0.29385567010309277,0.23175257731958762,0.11389690721649484,0.012618556701030927,,
Source: NHS England,,,,,,,,,,,,,
,,,,,,,,,,,,,
"Values in this table should be used with caution. Values for deliveries with a recorded gestation length of '31 weeks and under' are likely to be higher than the true figures, due to data quality issues affecting this data field for a small number of trusts. Values for deliveries reported in other gestation length categories may accordingly be lower than the true figures.",,,,,,,,,,,,,
,,,,,,,,,,,,,
Table 3.i: Method of delivery by parity (number of previous pregnancies resulting in a registrable birth),,,,,,,,,,,,,
"NHS Hospitals, England, 2024-25",,,,,,,,,,,,,
,,,,,,,,,,,,,
,,Parity ,,,,,,,,,,,
Method of delivery,Total deliveries,Unknown,Total excl. unknown,0,1,2,3,4,5 or more,,,,
Total,542235,174631,367604,139319,120274,56953,26311,12430,12317,,,,
Spontaneous,232574,73086,159488,46488,57529,28515,13686,6534,6736,,,,
Spontaneous vertex delivery,229939,72210,157729,45987,56894,28210,13526,6462,6650,,,,
Spontaneous other delivery,1369,376,993,264,375,182,90,37,45,,,,
Other Breech delivery,1266,500,766,237,260,123,70,35,41,,,,
Instrumental,57426,19763,37663,24463,8653,2742,1037,407,361,,,,
Low forceps cephalic delivery,17741,6225,11516,7971,2451,686,238,94,76,,,,
Other forceps delivery,17424,5787,11637,7502,2595,947,368,135,90,,,,
Ventouse (Vacuum) delivery,22175,7725,14450,8965,3591,1100,428,175,191,,,,
Breech Extraction delivery,86,26,60,25,16,9,3,3,4,,,,
Caesarean,238052,77538,160514,64027,51007,24333,11005,5222,4920,,,,
Elective Caesarean delivery,105635,34334,71301,19058,27360,13519,6095,2805,2464,,,,
Other/Emergency Caesarean delivery,132417,43204,89213,44969,23647,10814,4910,2417,2456,,,,
Other,36,15,21,11,7,3,0,0,0,,,,
Unknown,14147,4229,9918,4330,3078,1360,583,267,300,,,,
Source: NHS England,,,,,,,,,,,,,
,,,,,,,,,,,,,
,,Parity ,,,,,,,,,,,
Method of delivery,Total  deliveries,Unknown,Total excl. unknown,0,1,2,3,4,5 or more,,,,
Total,542235,0.32205777937610075,367604,0.37899206755095155,0.32718359974320194,0.15493030543737282,0.07157430278234186,0.0338135602441758,0.033506164241956016,,,,
Spontaneous,232574,0.3142483682612846,159488,0.2914827447833066,0.36071052367576245,0.17879088081861957,0.08581209871589085,0.04096859951845907,0.042235152487961475,,,,
Spontaneous vertex delivery,229939,0.3140398105584525,157729,0.2915570377039099,0.36070728908444233,0.17885106733701475,0.08575468049629428,0.040969003797652934,0.04216092158068586,,,,
Spontaneous other delivery,1369,0.27465303140978814,993,0.26586102719033233,0.3776435045317221,0.18328298086606243,0.09063444108761329,0.03726082578046324,0.045317220543806644,,,,
Other Breech delivery,1266,0.3949447077409163,766,0.3093994778067885,0.3394255874673629,0.16057441253263707,0.09138381201044386,0.04569190600522193,0.05352480417754569,,,,
Instrumental,57426,0.34414725037439486,37663,0.6495234049332236,0.22974802856915275,0.07280354724796219,0.02753365371850357,0.010806361681225606,0.009585003849932295,,,,
Low forceps cephalic delivery,17741,0.3508821374217913,11516,0.6921674192427927,0.2128343174713442,0.05956929489406044,0.02066689822855158,0.008162556443209448,0.006599513720041681,,,,
Other forceps delivery,17424,0.33212809917355374,11637,0.6446678697258744,0.22299561742717194,0.08137836212082152,0.03162327060238893,0.01160092807424594,0.007733952049497293,,,,
Ventouse (Vacuum) delivery,22175,0.3483652762119504,14450,0.6204152249134948,0.2485121107266436,0.07612456747404844,0.02961937716262976,0.012110726643598616,0.013217993079584775,,,,
Breech Extraction delivery,86,0.3023255813953488,60,0.4166666666666667,0.26666666666666666,0.15,0.05,0.05,0.06666666666666667,,,,
Caesarean,238052,0.32571875052509536,160514,0.3988873244701397,0.3177729045441519,0.1515942534607573,0.0685609977945849,0.032532987776767136,0.030651531953599064,,,,
Elective Caesarean delivery,105635,0.32502484971836987,71301,0.26728937883059145,0.3837253334455337,0.1896046338761027,0.08548267205228538,0.03934026170740943,0.03455772008807731,,,,
Other/Emergency Caesarean delivery,132417,0.3262723064259121,89213,0.5040633091589791,0.26506226671000865,0.12121551791779225,0.05503682198782689,0.027092464102765293,0.027529620122627867,,,,
Other,36,0.4166666666666667,21,0.5238095238095238,0.3333333333333333,0.14285714285714285,0,0,0,,,,
Unknown,14147,0.29893263589453595,9918,0.436579955636217,0.3103448275862069,0.13712442024601734,0.05878201250252067,0.02692075015124017,0.030248033877797943,,,,
Source: NHS England,,,,,,,,,,,,,
,,,,,,,,,,,,,
Table 3.j: Method of delivery by birth status,,,,,,,,,,,,,
"NHS Hospitals, England, 2024-25",,,,,,,,,,,,,
,,,,,,,,,,,,,
,,Birth status,,,,,,,,,,,
Method of delivery,Total deliveries,Unknown,Total excl. unknown,Live birth,Still birth,,,,,,,,
Total,542235,85378,456857,455240,1617,,,,,,,,
Spontaneous,232574,35445,197129,196137,992,,,,,,,,
Spontaneous vertex delivery,229939,35003,194936,194116,820,,,,,,,,
Spontaneous other delivery,1369,151,1218,1216,2,,,,,,,,
Other Breech delivery,1266,291,975,805,170,,,,,,,,
Instrumental,57426,9043,48383,48353,30,,,,,,,,
Low forceps cephalic delivery,17741,2462,15279,15267,12,,,,,,,,
Other forceps delivery,17424,3140,14284,14277,7,,,,,,,,
Ventouse (Vacuum) delivery,22175,3424,18751,18748,3,,,,,,,,
Breech Extraction delivery,86,17,69,61,8,,,,,,,,
Caesarean,238052,39478,198574,198298,276,,,,,,,,
Elective Caesarean delivery,105635,17779,87856,87806,50,,,,,,,,
Other/Emergency Caesarean delivery,132417,21699,110718,110492,226,,,,,,,,
Other,36,15,21,20,1,,,,,,,,
Unknown,14147,1397,12750,12432,318,,,,,,,,
Source: NHS England,,,,,,,,,,,,,
,,,,,,,,,,,,,
,,Birth status,,,,,,,,,,,
Method of delivery,Total  deliveries,Unknown,Total excl. unknown,Live birth,Still birth,,,,,,,,
Total,542235,0.1574557156952244,456857,0.9964605992684801,0.0035394007315199287,,,,,,,,
Spontaneous,232574,0.15240310610816343,197129,0.9949677622267652,0.005032237773234785,,,,,,,,
Spontaneous vertex delivery,229939,0.15222732985704904,194936,0.9957934911971108,0.004206508802889153,,,,,,,,
Spontaneous other delivery,1369,0.11029948867786706,1218,0.9983579638752053,0.0016420361247947454,,,,,,,,
Other Breech delivery,1266,0.22985781990521326,975,0.8256410256410256,0.17435897435897435,,,,,,,,
Instrumental,57426,0.15747222512450806,48383,0.9993799475022218,0.0006200524977781453,,,,,,,,
Low Forceps cephalic delivery ,17741,0.13877458993292374,15279,0.9992146082858826,0.0007853917141174161,,,,,,,,
Other Forceps delivery,17424,0.18021120293847567,14284,0.9995099411929431,0.0004900588070568468,,,,,,,,
Ventouse (vacuum) delivery,22175,0.15440811724915446,18751,0.9998400085328782,0.0001599914671217535,,,,,,,,
Breech Extraction delivery,86,0.19767441860465115,69,0.8840579710144928,0.11594202898550725,,,,,,,,
Caesarean,238052,0.16583771612924908,198574,0.9986100899412813,0.001389910058718664,,,,,,,,
Elective caesarean delivery,105635,0.16830595919912908,87856,0.9994308869058459,0.0005691130941540703,,,,,,,,
Other/Emergency caesarean delivery,132417,0.16386868755522327,110718,0.9979587781571199,0.0020412218428801096,,,,,,,,
Other,36,0.4166666666666667,21,0.9523809523809523,0.047619047619047616,,,,,,,,
Unknown,14147,0.09874885134657524,12750,0.9750588235294118,0.024941176470588234,,,,,,,,
Source: NHS England,,,,,,,,,,,,,
,,,,,,,,,,,,,
Copyright © 2025 NHS England,,,,,,,,,,,,,
